title,overview,genres
Movie 1,"This is the story of movie number 1, featuring themes of horror and drama.",Crime|Fantasy
Movie 2,"This is the story of movie number 2, featuring themes of crime and horror.",Animation
Movie 3,"This is the story of movie number 3, featuring themes of adventure and crime.",Drama
Movie 4,"This is the story of movie number 4, featuring themes of adventure and action.",Fantasy|Comedy
Movie 5,"This is the story of movie number 5, featuring themes of horror and fantasy.",Sci-Fi|Horror
Movie 6,"This is the story of movie number 6, featuring themes of crime and horror.",Adventure|Horror|Comedy
Movie 7,"This is the story of movie number 7, featuring themes of sci-fi and action.",Action
Movie 8,"This is the story of movie number 8, featuring themes of crime and drama.",Crime|Fantasy|Drama
Movie 9,"This is the story of movie number 9, featuring themes of horror and horror.",Thriller|Horror|Fantasy
Movie 10,"This is the story of movie number 10, featuring themes of mystery and drama.",Adventure|Fantasy|Comedy
Movie 11,"This is the story of movie number 11, featuring themes of animation and sci-fi.",Action
Movie 12,"This is the story of movie number 12, featuring themes of romance and action.",Fantasy|Horror
Movie 13,"This is the story of movie number 13, featuring themes of sci-fi and adventure.",Romance|Thriller
Movie 14,"This is the story of movie number 14, featuring themes of horror and fantasy.",Animation|Fantasy
Movie 15,"This is the story of movie number 15, featuring themes of animation and fantasy.",Adventure
Movie 16,"This is the story of movie number 16, featuring themes of crime and mystery.",Comedy
Movie 17,"This is the story of movie number 17, featuring themes of adventure and comedy.",Animation|Action
Movie 18,"This is the story of movie number 18, featuring themes of adventure and romance.",Fantasy
Movie 19,"This is the story of movie number 19, featuring themes of thriller and fantasy.",Sci-Fi|Drama
Movie 20,"This is the story of movie number 20, featuring themes of fantasy and sci-fi.",Horror|Comedy
Movie 21,"This is the story of movie number 21, featuring themes of sci-fi and mystery.",Adventure|Crime
Movie 22,"This is the story of movie number 22, featuring themes of romance and animation.",Adventure|Sci-Fi
Movie 23,"This is the story of movie number 23, featuring themes of mystery and animation.",Crime|Mystery
Movie 24,"This is the story of movie number 24, featuring themes of fantasy and adventure.",Crime|Thriller|Comedy
Movie 25,"This is the story of movie number 25, featuring themes of horror and action.",Crime|Drama
Movie 26,"This is the story of movie number 26, featuring themes of horror and crime.",Adventure|Action
Movie 27,"This is the story of movie number 27, featuring themes of crime and fantasy.",Adventure|Action
Movie 28,"This is the story of movie number 28, featuring themes of comedy and adventure.",Romance
Movie 29,"This is the story of movie number 29, featuring themes of drama and romance.",Animation|Action|Romance
Movie 30,"This is the story of movie number 30, featuring themes of drama and sci-fi.",Comedy
Movie 31,"This is the story of movie number 31, featuring themes of sci-fi and crime.",Sci-Fi
Movie 32,"This is the story of movie number 32, featuring themes of crime and mystery.",Sci-Fi
Movie 33,"This is the story of movie number 33, featuring themes of crime and sci-fi.",Horror
Movie 34,"This is the story of movie number 34, featuring themes of mystery and action.",Drama
Movie 35,"This is the story of movie number 35, featuring themes of mystery and animation.",Adventure|Romance|Animation
Movie 36,"This is the story of movie number 36, featuring themes of thriller and romance.",Drama
Movie 37,"This is the story of movie number 37, featuring themes of adventure and romance.",Horror
Movie 38,"This is the story of movie number 38, featuring themes of horror and animation.",Fantasy|Drama
Movie 39,"This is the story of movie number 39, featuring themes of fantasy and animation.",Crime|Fantasy|Comedy
Movie 40,"This is the story of movie number 40, featuring themes of drama and thriller.",Mystery
Movie 41,"This is the story of movie number 41, featuring themes of crime and fantasy.",Horror
Movie 42,"This is the story of movie number 42, featuring themes of animation and thriller.",Crime|Mystery
Movie 43,"This is the story of movie number 43, featuring themes of romance and romance.",Drama
Movie 44,"This is the story of movie number 44, featuring themes of action and fantasy.",Fantasy|Horror
Movie 45,"This is the story of movie number 45, featuring themes of animation and action.",Sci-Fi|Fantasy
Movie 46,"This is the story of movie number 46, featuring themes of animation and mystery.",Action|Mystery
Movie 47,"This is the story of movie number 47, featuring themes of action and animation.",Comedy
Movie 48,"This is the story of movie number 48, featuring themes of horror and action.",Sci-Fi|Horror
Movie 49,"This is the story of movie number 49, featuring themes of fantasy and comedy.",Sci-Fi|Horror|Fantasy
Movie 50,"This is the story of movie number 50, featuring themes of fantasy and thriller.",Action|Romance|Sci-Fi
Movie 51,"This is the story of movie number 51, featuring themes of drama and comedy.",Adventure|Romance
Movie 52,"This is the story of movie number 52, featuring themes of thriller and animation.",Crime|Thriller|Sci-Fi
Movie 53,"This is the story of movie number 53, featuring themes of action and action.",Thriller
Movie 54,"This is the story of movie number 54, featuring themes of sci-fi and horror.",Crime|Mystery|Comedy
Movie 55,"This is the story of movie number 55, featuring themes of fantasy and action.",Action|Sci-Fi
Movie 56,"This is the story of movie number 56, featuring themes of drama and romance.",Mystery|Thriller|Comedy
Movie 57,"This is the story of movie number 57, featuring themes of mystery and comedy.",Drama
Movie 58,"This is the story of movie number 58, featuring themes of comedy and thriller.",Animation|Drama|Comedy
Movie 59,"This is the story of movie number 59, featuring themes of adventure and sci-fi.",Fantasy|Drama
Movie 60,"This is the story of movie number 60, featuring themes of drama and drama.",Animation|Action|Romance
Movie 61,"This is the story of movie number 61, featuring themes of comedy and mystery.",Action|Sci-Fi|Horror
Movie 62,"This is the story of movie number 62, featuring themes of action and comedy.",Sci-Fi|Drama|Mystery
Movie 63,"This is the story of movie number 63, featuring themes of horror and romance.",Romance|Comedy
Movie 64,"This is the story of movie number 64, featuring themes of action and sci-fi.",Sci-Fi|Drama
Movie 65,"This is the story of movie number 65, featuring themes of comedy and adventure.",Action|Sci-Fi
Movie 66,"This is the story of movie number 66, featuring themes of romance and romance.",Adventure|Thriller
Movie 67,"This is the story of movie number 67, featuring themes of thriller and adventure.",Thriller
Movie 68,"This is the story of movie number 68, featuring themes of romance and animation.",Horror
Movie 69,"This is the story of movie number 69, featuring themes of adventure and animation.",Comedy
Movie 70,"This is the story of movie number 70, featuring themes of animation and horror.",Adventure|Drama
Movie 71,"This is the story of movie number 71, featuring themes of mystery and sci-fi.",Animation|Thriller|Drama
Movie 72,"This is the story of movie number 72, featuring themes of drama and sci-fi.",Action|Comedy
Movie 73,"This is the story of movie number 73, featuring themes of romance and comedy.",Romance|Comedy
Movie 74,"This is the story of movie number 74, featuring themes of animation and animation.",Animation|Comedy|Mystery
Movie 75,"This is the story of movie number 75, featuring themes of animation and fantasy.",Romance|Thriller|Mystery
Movie 76,"This is the story of movie number 76, featuring themes of animation and animation.",Romance|Sci-Fi|Thriller
Movie 77,"This is the story of movie number 77, featuring themes of horror and comedy.",Sci-Fi
Movie 78,"This is the story of movie number 78, featuring themes of comedy and thriller.",Animation|Romance
Movie 79,"This is the story of movie number 79, featuring themes of crime and crime.",Sci-Fi
Movie 80,"This is the story of movie number 80, featuring themes of action and crime.",Adventure
Movie 81,"This is the story of movie number 81, featuring themes of adventure and fantasy.",Action
Movie 82,"This is the story of movie number 82, featuring themes of action and crime.",Horror
Movie 83,"This is the story of movie number 83, featuring themes of thriller and sci-fi.",Animation|Adventure|Romance
Movie 84,"This is the story of movie number 84, featuring themes of sci-fi and fantasy.",Adventure
Movie 85,"This is the story of movie number 85, featuring themes of thriller and sci-fi.",Adventure|Thriller|Animation
Movie 86,"This is the story of movie number 86, featuring themes of mystery and sci-fi.",Mystery
Movie 87,"This is the story of movie number 87, featuring themes of animation and animation.",Animation
Movie 88,"This is the story of movie number 88, featuring themes of sci-fi and mystery.",Crime|Action|Fantasy
Movie 89,"This is the story of movie number 89, featuring themes of horror and sci-fi.",Crime|Romance|Thriller
Movie 90,"This is the story of movie number 90, featuring themes of adventure and horror.",Crime|Romance|Fantasy
Movie 91,"This is the story of movie number 91, featuring themes of crime and action.",Thriller|Comedy
Movie 92,"This is the story of movie number 92, featuring themes of fantasy and action.",Animation
Movie 93,"This is the story of movie number 93, featuring themes of animation and drama.",Crime|Sci-Fi
Movie 94,"This is the story of movie number 94, featuring themes of comedy and thriller.",Adventure
Movie 95,"This is the story of movie number 95, featuring themes of animation and crime.",Animation|Romance|Thriller
Movie 96,"This is the story of movie number 96, featuring themes of crime and thriller.",Thriller|Drama|Mystery
Movie 97,"This is the story of movie number 97, featuring themes of animation and romance.",Adventure
Movie 98,"This is the story of movie number 98, featuring themes of crime and sci-fi.",Adventure|Fantasy|Horror
Movie 99,"This is the story of movie number 99, featuring themes of fantasy and fantasy.",Drama
Movie 100,"This is the story of movie number 100, featuring themes of romance and action.",Animation|Drama|Comedy
Movie 101,"This is the story of movie number 101, featuring themes of thriller and animation.",Adventure|Horror
Movie 102,"This is the story of movie number 102, featuring themes of comedy and comedy.",Sci-Fi|Horror|Fantasy
Movie 103,"This is the story of movie number 103, featuring themes of animation and animation.",Romance
Movie 104,"This is the story of movie number 104, featuring themes of fantasy and horror.",Sci-Fi
Movie 105,"This is the story of movie number 105, featuring themes of fantasy and action.",Crime
Movie 106,"This is the story of movie number 106, featuring themes of horror and animation.",Thriller
Movie 107,"This is the story of movie number 107, featuring themes of comedy and sci-fi.",Thriller|Drama
Movie 108,"This is the story of movie number 108, featuring themes of action and thriller.",Romance|Thriller
Movie 109,"This is the story of movie number 109, featuring themes of romance and adventure.",Horror
Movie 110,"This is the story of movie number 110, featuring themes of fantasy and sci-fi.",Action
Movie 111,"This is the story of movie number 111, featuring themes of mystery and horror.",Crime|Mystery
Movie 112,"This is the story of movie number 112, featuring themes of action and action.",Romance|Thriller
Movie 113,"This is the story of movie number 113, featuring themes of fantasy and adventure.",Romance|Fantasy|Mystery
Movie 114,"This is the story of movie number 114, featuring themes of thriller and adventure.",Adventure|Thriller
Movie 115,"This is the story of movie number 115, featuring themes of romance and sci-fi.",Romance|Sci-Fi|Drama
Movie 116,"This is the story of movie number 116, featuring themes of fantasy and thriller.",Fantasy
Movie 117,"This is the story of movie number 117, featuring themes of animation and fantasy.",Animation
Movie 118,"This is the story of movie number 118, featuring themes of animation and action.",Romance|Fantasy
Movie 119,"This is the story of movie number 119, featuring themes of drama and mystery.",Fantasy
Movie 120,"This is the story of movie number 120, featuring themes of adventure and adventure.",Romance
Movie 121,"This is the story of movie number 121, featuring themes of animation and comedy.",Thriller|Horror
Movie 122,"This is the story of movie number 122, featuring themes of horror and animation.",Adventure|Horror|Drama
Movie 123,"This is the story of movie number 123, featuring themes of adventure and mystery.",Romance
Movie 124,"This is the story of movie number 124, featuring themes of adventure and comedy.",Drama|Comedy
Movie 125,"This is the story of movie number 125, featuring themes of animation and mystery.",Action|Comedy
Movie 126,"This is the story of movie number 126, featuring themes of thriller and horror.",Animation
Movie 127,"This is the story of movie number 127, featuring themes of drama and sci-fi.",Crime|Fantasy
Movie 128,"This is the story of movie number 128, featuring themes of action and sci-fi.",Action|Sci-Fi
Movie 129,"This is the story of movie number 129, featuring themes of animation and romance.",Animation|Mystery
Movie 130,"This is the story of movie number 130, featuring themes of crime and sci-fi.",Mystery
Movie 131,"This is the story of movie number 131, featuring themes of mystery and mystery.",Action|Romance
Movie 132,"This is the story of movie number 132, featuring themes of fantasy and sci-fi.",Drama|Comedy
Movie 133,"This is the story of movie number 133, featuring themes of mystery and mystery.",Adventure|Crime|Romance
Movie 134,"This is the story of movie number 134, featuring themes of crime and adventure.",Sci-Fi|Mystery
Movie 135,"This is the story of movie number 135, featuring themes of sci-fi and comedy.",Thriller|Horror
Movie 136,"This is the story of movie number 136, featuring themes of mystery and crime.",Mystery
Movie 137,"This is the story of movie number 137, featuring themes of drama and fantasy.",Drama|Comedy
Movie 138,"This is the story of movie number 138, featuring themes of adventure and comedy.",Comedy
Movie 139,"This is the story of movie number 139, featuring themes of mystery and drama.",Crime|Horror
Movie 140,"This is the story of movie number 140, featuring themes of animation and adventure.",Action
Movie 141,"This is the story of movie number 141, featuring themes of sci-fi and drama.",Horror|Comedy
Movie 142,"This is the story of movie number 142, featuring themes of romance and fantasy.",Sci-Fi|Drama
Movie 143,"This is the story of movie number 143, featuring themes of action and mystery.",Adventure|Horror|Mystery
Movie 144,"This is the story of movie number 144, featuring themes of fantasy and sci-fi.",Animation|Thriller|Comedy
Movie 145,"This is the story of movie number 145, featuring themes of horror and romance.",Thriller|Drama
Movie 146,"This is the story of movie number 146, featuring themes of action and fantasy.",Romance
Movie 147,"This is the story of movie number 147, featuring themes of comedy and crime.",Romance
Movie 148,"This is the story of movie number 148, featuring themes of romance and animation.",Animation|Romance
Movie 149,"This is the story of movie number 149, featuring themes of drama and action.",Animation|Thriller
Movie 150,"This is the story of movie number 150, featuring themes of thriller and sci-fi.",Animation|Crime|Horror
Movie 151,"This is the story of movie number 151, featuring themes of mystery and mystery.",Romance
Movie 152,"This is the story of movie number 152, featuring themes of animation and action.",Mystery
Movie 153,"This is the story of movie number 153, featuring themes of fantasy and fantasy.",Adventure|Fantasy
Movie 154,"This is the story of movie number 154, featuring themes of romance and thriller.",Adventure|Crime
Movie 155,"This is the story of movie number 155, featuring themes of thriller and thriller.",Animation|Drama
Movie 156,"This is the story of movie number 156, featuring themes of comedy and crime.",Romance|Thriller
Movie 157,"This is the story of movie number 157, featuring themes of comedy and animation.",Horror
Movie 158,"This is the story of movie number 158, featuring themes of sci-fi and crime.",Action|Horror|Drama
Movie 159,"This is the story of movie number 159, featuring themes of mystery and mystery.",Fantasy
Movie 160,"This is the story of movie number 160, featuring themes of romance and crime.",Action|Sci-Fi|Comedy
Movie 161,"This is the story of movie number 161, featuring themes of mystery and action.",Sci-Fi
Movie 162,"This is the story of movie number 162, featuring themes of sci-fi and romance.",Thriller
Movie 163,"This is the story of movie number 163, featuring themes of horror and comedy.",Action
Movie 164,"This is the story of movie number 164, featuring themes of thriller and comedy.",Romance|Thriller|Horror
Movie 165,"This is the story of movie number 165, featuring themes of sci-fi and action.",Drama
Movie 166,"This is the story of movie number 166, featuring themes of adventure and crime.",Adventure|Fantasy|Sci-Fi
Movie 167,"This is the story of movie number 167, featuring themes of mystery and mystery.",Fantasy|Drama|Comedy
Movie 168,"This is the story of movie number 168, featuring themes of action and mystery.",Crime|Thriller
Movie 169,"This is the story of movie number 169, featuring themes of adventure and thriller.",Crime|Sci-Fi|Horror
Movie 170,"This is the story of movie number 170, featuring themes of drama and drama.",Romance|Horror
Movie 171,"This is the story of movie number 171, featuring themes of fantasy and animation.",Action|Fantasy|Drama
Movie 172,"This is the story of movie number 172, featuring themes of adventure and animation.",Crime|Fantasy|Drama
Movie 173,"This is the story of movie number 173, featuring themes of action and adventure.",Sci-Fi
Movie 174,"This is the story of movie number 174, featuring themes of sci-fi and fantasy.",Crime
Movie 175,"This is the story of movie number 175, featuring themes of crime and adventure.",Adventure|Horror|Mystery
Movie 176,"This is the story of movie number 176, featuring themes of action and mystery.",Romance|Fantasy|Mystery
Movie 177,"This is the story of movie number 177, featuring themes of animation and drama.",Drama
Movie 178,"This is the story of movie number 178, featuring themes of thriller and comedy.",Fantasy
Movie 179,"This is the story of movie number 179, featuring themes of crime and comedy.",Horror
Movie 180,"This is the story of movie number 180, featuring themes of comedy and mystery.",Animation|Adventure|Comedy
Movie 181,"This is the story of movie number 181, featuring themes of horror and romance.",Comedy|Thriller|Mystery
Movie 182,"This is the story of movie number 182, featuring themes of mystery and comedy.",Romance|Comedy
Movie 183,"This is the story of movie number 183, featuring themes of action and romance.",Sci-Fi|Mystery
Movie 184,"This is the story of movie number 184, featuring themes of animation and drama.",Animation|Crime
Movie 185,"This is the story of movie number 185, featuring themes of mystery and sci-fi.",Animation|Action|Thriller
Movie 186,"This is the story of movie number 186, featuring themes of crime and crime.",Action|Fantasy
Movie 187,"This is the story of movie number 187, featuring themes of crime and fantasy.",Sci-Fi
Movie 188,"This is the story of movie number 188, featuring themes of mystery and crime.",Action|Sci-Fi|Thriller
Movie 189,"This is the story of movie number 189, featuring themes of horror and crime.",Comedy
Movie 190,"This is the story of movie number 190, featuring themes of crime and sci-fi.",Thriller|Mystery
Movie 191,"This is the story of movie number 191, featuring themes of drama and comedy.",Sci-Fi
Movie 192,"This is the story of movie number 192, featuring themes of thriller and action.",Action|Mystery
Movie 193,"This is the story of movie number 193, featuring themes of fantasy and comedy.",Action|Romance
Movie 194,"This is the story of movie number 194, featuring themes of fantasy and action.",Adventure
Movie 195,"This is the story of movie number 195, featuring themes of romance and fantasy.",Fantasy|Comedy
Movie 196,"This is the story of movie number 196, featuring themes of comedy and adventure.",Comedy|Drama|Mystery
Movie 197,"This is the story of movie number 197, featuring themes of mystery and action.",Drama
Movie 198,"This is the story of movie number 198, featuring themes of drama and crime.",Romance|Horror
Movie 199,"This is the story of movie number 199, featuring themes of sci-fi and mystery.",Animation
Movie 200,"This is the story of movie number 200, featuring themes of fantasy and crime.",Romance
